{
  "id": "olympia",
  "title": "Αρχαία Ολυμπία",
  "description": "Ανακαλύψτε τη γενέτειρα των Ολυμπιακών Αγώνων, έναν από τους πιο σημαντικούς αρχαιολογικούς χώρους της Ελλάδας.",
  "map": {
    "center": { "lat": 37.64, "lng": 21.63 },
    "zoom": 7,
    "waypoints": [
      { "lat": 37.9838, "lng": 23.7275 },
      { "lat": 37.9050, "lng": 22.8780 },   
      { "lat": 37.0379, "lng": 22.1142 },   
      { "lat": 37.6400, "lng": 21.6300 }    
    ]
  },
  "stops": [
    {
      "name": "Αρχαία Κόρινθος",
      "video": "https://www.youtube.com/embed/abcd1234",
      "description": "Η πρώτη στάση της διαδρομής, όπου θα γνωρίσετε τον αρχαιολογικό χώρο και το Ακροκόρινθο."
    },
    {
      "name": "Καλαμάτα",
      "video": "https://www.youtube.com/embed/wxyz5678",
      "description": "Η δεύτερη στάση περιλαμβάνει περιήγηση στο ιστορικό κέντρο και γεύμα με θέα στη Μεσσηνιακή θάλασσα."
    },
    {
      "name": "Αρχαία Ολυμπία",
      "video": "https://www.youtube.com/embed/qwerty90",
      "description": "Η τελική στάση στον ιερό χώρο των Ολυμπιακών Αγώνων, με επίσκεψη στο μουσείο και στο στάδιο."
    }
  ]
}